bookings,sales,costs,vat_provision,profitability,profitability_percent,total_ttv,total_cos,gross_margin,call_date,call_month,ship_name,cruise_line,service_type
52965,0.0,48529.04,4852.9,53381.95,0.0,,48529.0,48529.0,13/1/2023,Jan-23,Solar Flare,Thursday Cruises,Shorex
53487,1116.16,0.0,,1116.16,100.0,1116.0,,1116.0,19/10/2022,Oct-22,Solar Flare,Thursday Cruises,Shorex
143640,77.1,0.0,,77.1,100.0,77.0,,77.0,13/12/2022,Dec-22,Solar Flare,Thursday Cruises,Other
143865,0.0,154.2857143,15.43,169.71,0.0,,154.0,154.0,21/12/2022,Dec-22, Nebula Knight,Domingo Cruises,Turnaround
143883,0.0,3765.39,376.54,4141.93,0.0,,3765.0,3765.0,28/12/2022,Dec-22,Nebula Storm,Domingo Cruises,Turnaround
143892,0.0,7398.51,739.85,8138.37,0.0,,7399.0,7399.0,31/12/2022,Dec-22,Ursa Major,Sea Cruises,Turnaround
143901,0.0,3395.39,339.54,3734.93,0.0,,3395.0,3395.0,13/12/2022,Dec-22,Celestial Serpent,Thursday Cruises,Turnaround
143910,0.0,4093.32,409.33,4502.65,0.0,,4093.0,4093.0,15/12/2022,Dec-22,Big Bang,Thursday Cruises,Turnaround
143919,0.0,6847.96,684.8,7532.75,0.0,,6848.0,6848.0,20/12/2022,Dec-22,Solar Flare,Thursday Cruises,Turnaround
143928,0.0,6511.11,651.11,7162.22,0.0,,6511.0,6511.0,22/12/2022,Dec-22,Celestial Serpent,Thursday Cruises,Turnaround
143937,0.0,1641.43,164.14,1805.57,0.0,,1641.0,1641.0,23/12/2022,Dec-22,Big Bang,Thursday Cruises,Turnaround
143946,49.06428571,495.0,49.5,593.56,1210.0,49.0,495.0,544.0,23/12/2022,Dec-22,Solar Flare,Thursday Cruises,Other
143964,0.0,102.1428571,10.21,112.36,0.0,,102.0,102.0,3/12/2022,Dec-22,Big Bang,Thursday Cruises,Turnaround
143973,5856.29,5590.36,559.04,293.11,-5.0,5856.0,5590.0,266.0,23/12/2022,Dec-22,Celestial Serpent,Thursday Cruises,Other
143991,24379.17,15581.02,1558.1,7240.05,30.0,24379.0,15581.0,8798.0,23/12/2022,Dec-22,Big Bang,Thursday Cruises,Other
144009,7089.46,5771.04,577.1,741.32,10.0,7089.0,5771.0,1318.0,23/12/2022,Dec-22,Solar Flare,Thursday Cruises,Other
144018,10991.33,7709.61,770.96,2510.75,23.0,10991.0,7710.0,3282.0,23/12/2022,Dec-22,Celestial Serpent,Thursday Cruises,Other
144027,195440.54,160293.72,16029.37,19117.45,10.0,195441.0,160294.0,35147.0,23/12/2022,Dec-22,Celestial Serpent,Thursday Cruises,Other
144153,10392.84,9460.29,946.03,13.49,0.0,10393.0,9460.0,933.0,12/12/2022,Dec-22,Celestial Serpent,Thursday Cruises,Shorex
144162,11003.34,8407.94,840.79,1754.6,16.0,11003.0,8408.0,2595.0,27/11/2022,Nov-22,Celestial Serpent,Thursday Cruises,Turnaround
144171,11417.22,8018.79,801.88,2596.56,23.0,11417.0,8019.0,3398.0,29/11/2022,Nov-22,Big Bang,Thursday Cruises,Turnaround
144180,10407.54,7388.79,738.88,2279.87,22.0,10408.0,7389.0,3019.0,2/12/2022,Dec-22,Celestial Serpent,Thursday Cruises,Turnaround
144189,11473.96,8352.32,835.23,2286.41,20.0,11474.0,8352.0,3122.0,4/12/2022,Dec-22,Solar Flare,Thursday Cruises,Turnaround
144198,12402.54,8139.8,813.98,3448.76,28.0,12403.0,8140.0,4263.0,6/12/2022,Dec-22,Ursa Major,Sea Cruises,Turnaround
144207,10794.39,6561.26,656.13,3577.01,33.0,10794.0,6561.0,4233.0,11/12/2022,Dec-22,Ursa Major,Sea Cruises,Turnaround
144216,11383.84,7691.19,769.12,2923.54,26.0,11384.0,7691.0,3693.0,13/12/2022,Dec-22,Ursa Major,Sea Cruises,Turnaround
144225,11569.43,8353.61,835.36,2380.46,21.0,11569.0,8354.0,3216.0,18/12/2022,Dec-22,Ursa Major,Sea Cruises,Turnaround
144234,17849.14,19188.97,1918.9,3258.73,-18.0,17849.0,19189.0,1340.0,21/12/2022,Dec-22,Big Bang,Thursday Cruises,Turnaround
144243,10669.56,7780.34,778.03,2111.18,20.0,10670.0,7780.0,2889.0,23/12/2022,Dec-22,Celestial Serpent,Thursday Cruises,Turnaround
144252,5280.37,3132.14,313.21,1835.01,35.0,5280.0,3132.0,2148.0,24/12/2022,Dec-22,Solar Flare,Thursday Cruises,Turnaround
144261,2347.13,215.0,21.5,2110.63,90.0,2347.0,215.0,2132.0,24/12/2022,Dec-22,Big Bang,Thursday Cruises,Other
144270,6210.21,2530.76,253.08,3426.37,55.0,6210.0,2531.0,3679.0,12/12/2022,Dec-22,Celestial Serpent,Thursday Cruises,Turnaround
144279,2539.21,939.29,93.93,1505.99,59.0,2539.0,939.0,1600.0,12/12/2022,Dec-22, Orion's Fury,Sea Cruises,Turnaround
144288,4281.02,6772.07,677.21,3168.26,-74.0,4281.0,6772.0,2491.0,14/12/2022,Dec-22, Solar Flare,Thursday Cruises,Turnaround
144306,8855.68,8612.42,861.24,617.98,-7.0,8856.0,8612.0,243.0,18/12/2022,Dec-22,Lonely Comet,River Cruises,Turnaround
144315,287.8714286,108.5714286,10.86,168.44,59.0,288.0,109.0,179.0,18/12/2022,Dec-22,Andromeda,Sea Cruises,Turnaround
144324,8854.35,13635.25,1363.53,6144.43,-69.0,8854.0,13635.0,4781.0,21/12/2022,Dec-22,Castor & Pollux,Sea Cruises,Turnaround
144333,191.9142857,116.0714286,11.61,64.24,33.0,192.0,116.0,76.0,21/12/2022,Dec-22, Solar Flare,Thursday Cruises,Turnaround
144342,5702.44,2304.94,230.49,3167.0,56.0,5702.0,2305.0,3397.0,24/12/2022,Dec-22,Star Dust,Sea Cruises,Turnaround
144351,2430.94,1095.0,109.5,1226.44,50.0,2431.0,1095.0,1336.0,24/12/2022,Dec-22,Stellar Honeymoon,Sea Cruises,Turnaround
144360,1083.61,0.0,,1083.61,100.0,1084.0,,1084.0,24/12/2022,Dec-22,Cosmic Labyrinth,Sea Cruises,Other
144369,210.8785714,0.0,,210.88,100.0,211.0,,211.0,24/12/2022,Dec-22, Interstellar Iris,Yellow Cruises,Other
144378,3361.15,2065.0,206.5,1089.65,32.0,3361.0,2065.0,1296.0,6/12/2022,Dec-22, Lunar Crest,Yellow Cruises,Turnaround
144387,15082.32,13986.1,1398.61,302.39,-2.0,15082.0,13986.0,1096.0,23/12/2022,Dec-22, Meteoric Storm,Yellow Cruises,Shorex
144405,29517.15,34190.47,3419.05,8092.37,-27.0,29517.0,34190.0,4673.0,15/10/2022,Oct-22, Moonshadow,Yellow Cruises,Shorex
144414,22415.16,19213.23,1921.32,1280.61,6.0,22415.0,19213.0,3202.0,10/12/2022,Dec-22, Celestial Voyager,Yellow Cruises,Shorex
144423,38419.76,33582.66,3358.27,1478.84,4.0,38420.0,33583.0,4837.0,21/1/2023,Jan-23, Orion's Fury,Yellow Cruises,Shorex
144432,194.3428571,0.0,,194.34,100.0,194.0,,194.0,21/1/2023,Jan-23, Andromeda Star,Yellow Cruises,Other
144441,1437.24,1111.0,111.1,215.14,15.0,1437.0,1111.0,326.0,13/12/2022,Dec-22, Astral Odyssey,Yellow Cruises,Turnaround
144450,1271.83,2113.63,211.36,1053.16,-83.0,1272.0,2114.0,842.0,6/11/2022,Nov-22, Astral Phoenix,Yellow Cruises,Shorex
144459,1907.71,0.0,,1907.71,100.0,1908.0,,1908.0,12/12/2022,Dec-22, Aurora Borealis,Yellow Cruises,Turnaround
144468,4905.54,4044.14,404.41,456.98,9.0,4906.0,4044.0,861.0,23/12/2022,Dec-22, Interstellar Iris,Yellow Cruises,Turnaround
144477,4461.45,1775.36,177.54,2508.56,56.0,4461.0,1775.0,2686.0,23/12/2022,Dec-22, Lunar Crest,Yellow Cruises,Turnaround
144495,94.63571429,0.0,,94.64,100.0,95.0,,95.0,18/12/2022,Dec-22, Meteoric Storm,Yellow Cruises,Other
144504,3730.99,3710.85,371.09,350.94,-9.0,3731.0,3711.0,20.0,20/12/2022,Dec-22, Moonshadow,Yellow Cruises,Shorex
144513,11206.28,6757.12,675.71,3773.45,34.0,11206.0,6757.0,4449.0,4/1/2023,Jan-23, Celestial Voyager,Yellow Cruises,Turnaround
144522,11010.68,6199.05,619.91,4191.72,38.0,11011.0,6199.0,4812.0,6/11/2022,Nov-22, Orion's Fury,Yellow Cruises,Turnaround
144531,7996.33,4770.11,477.01,2749.2,34.0,7996.0,4770.0,3226.0,9/1/2023,Jan-23, Andromeda Star,Yellow Cruises,Turnaround
144540,10916.56,5914.08,591.41,4411.07,40.0,10917.0,5914.0,5002.0,1/1/2023,Jan-23, Astral Odyssey,Yellow Cruises,Turnaround
144549,9028.04,5302.01,530.2,3195.83,35.0,9028.0,5302.0,3726.0,3/1/2023,Jan-23, Astral Phoenix,Yellow Cruises,Turnaround
144558,12449.94,7166.69,716.67,4566.58,37.0,12450.0,7167.0,5283.0,6/11/2022,Nov-22, Aurora Borealis,Yellow Cruises,Turnaround
144567,10617.49,5907.31,590.73,4119.45,39.0,10617.0,5907.0,4710.0,6/11/2022,Nov-22, Interstellar Iris,Yellow Cruises,Turnaround
144576,11389.85,6991.75,699.18,3698.93,32.0,11390.0,6992.0,4398.0,10/1/2023,Jan-23, Lunar Crest,Yellow Cruises,Turnaround
144585,17102.81,10571.7,1057.17,5473.94,32.0,17103.0,10572.0,6531.0,13/1/2023,Jan-23, Meteoric Storm,Yellow Cruises,Turnaround
144594,11392.52,6053.56,605.36,4733.6,42.0,11393.0,6054.0,5339.0,15/10/2022,Oct-22, Moonshadow,Yellow Cruises,Turnaround
144603,11477.97,6302.93,630.29,4544.75,40.0,11478.0,6303.0,5175.0,15/10/2022,Oct-22, Celestial Voyager,Yellow Cruises,Turnaround
144612,12205.61,7059.59,705.96,4440.06,36.0,12206.0,7060.0,5146.0,22/1/2023,Jan-23, Orion's Fury,Yellow Cruises,Turnaround
144621,6688.92,3801.07,380.11,2507.74,37.0,6689.0,3801.0,2888.0,10/12/2022,Dec-22, Andromeda Star,Yellow Cruises,Turnaround
144630,2567.42,0.0,,2567.42,100.0,2567.0,,2567.0,10/12/2022,Dec-22, Astral Odyssey,Yellow Cruises,Other
144639,8819.19,7671.99,767.2,380.0,4.0,8819.0,7672.0,1147.0,4/1/2023,Jan-23, Astral Phoenix,Yellow Cruises,Turnaround
144657,9028.71,6944.09,694.41,1390.21,15.0,9029.0,6944.0,2085.0,6/11/2022,Nov-22, Aurora Borealis,Yellow Cruises,Turnaround
144666,77.29285714,0.0,,77.29,100.0,77.0,,77.0,6/11/2022,Nov-22, Interstellar Iris,Yellow Cruises,Turnaround
144675,9041.81,7351.96,735.2,954.65,11.0,9042.0,7352.0,1690.0,1/1/2023,Jan-23, Lunar Crest,Yellow Cruises,Turnaround
144684,277.8928571,203.5714286,20.36,53.96,19.0,278.0,204.0,74.0,1/1/2023,Jan-23, Meteoric Storm,Yellow Cruises,Turnaround
144693,9299.77,7322.23,732.22,1245.32,13.0,9300.0,7322.0,1978.0,4/1/2023,Jan-23, Moonshadow,Yellow Cruises,Turnaround
144702,893.88,340.2785714,34.03,519.57,58.0,894.0,340.0,554.0,4/1/2023,Jan-23, Celestial Voyager,Yellow Cruises,Turnaround
144711,5592.74,3613.9,361.39,1617.45,29.0,5593.0,3614.0,1979.0,6/11/2022,Nov-22, Orion's Fury,Yellow Cruises,Turnaround
144720,1542.4,555.0,55.5,931.9,60.0,1542.0,555.0,987.0,6/11/2022,Nov-22, Andromeda Star,Yellow Cruises,Turnaround
144729,8977.64,9838.77,983.88,1845.01,-21.0,8978.0,9839.0,861.0,9/1/2023,Jan-23, Astral Odyssey,Yellow Cruises,Turnaround
144738,1964.34,1673.8,167.38,123.16,6.0,1964.0,1674.0,291.0,9/1/2023,Jan-23, Astral Phoenix,Yellow Cruises,Turnaround
144747,6545.24,11732.2,1173.22,6360.18,-97.0,6545.0,11732.0,5187.0,9/1/2023,Jan-23, Aurora Borealis,Yellow Cruises,Turnaround
144756,154.5857143,130.0,13.0,11.59,7.0,155.0,130.0,25.0,9/1/2023,Jan-23, Interstellar Iris,Yellow Cruises,Turnaround
144765,13442.18,8965.17,896.52,3580.49,27.0,13442.0,8965.0,4477.0,10/12/2022,Dec-22, Lunar Crest,Yellow Cruises,Turnaround
144774,343.7285714,156.4285714,15.64,171.66,50.0,344.0,156.0,187.0,10/12/2022,Dec-22, Meteoric Storm,Yellow Cruises,Turnaround
144783,13782.73,9278.14,927.81,3576.77,26.0,13783.0,9278.0,4505.0,15/10/2022,Oct-22, Moonshadow,Yellow Cruises,Turnaround
144792,171.8642857,0.0,,171.86,100.0,172.0,,172.0,15/10/2022,Oct-22, Celestial Voyager,Yellow Cruises,Turnaround
144801,14667.52,10241.45,1024.15,3401.93,23.0,14668.0,10241.0,4426.0,10/12/2022,Dec-22, Orion's Fury,Yellow Cruises,Turnaround
144810,461.6428571,99.28571429,9.93,352.43,76.0,462.0,99.0,362.0,10/12/2022,Dec-22, Andromeda Star,Yellow Cruises,Turnaround
144819,5942.6,5829.66,582.97,470.02,-8.0,5943.0,5830.0,113.0,6/11/2022,Nov-22, Astral Odyssey,Yellow Cruises,Turnaround
144828,6702.27,3502.64,350.26,2849.36,43.0,6702.0,3503.0,3200.0,6/11/2022,Nov-22, Astral Phoenix,Yellow Cruises,Turnaround
144837,5207.96,5186.75,518.68,497.47,-10.0,5208.0,5187.0,21.0,15/10/2022,Oct-22, Aurora Borealis,Yellow Cruises,Turnaround
144846,10217.63,3702.86,370.29,6144.49,60.0,10218.0,3703.0,6515.0,15/10/2022,Oct-22, Sirius Vanguard,Yellow Cruises,Turnaround
144855,5964.45,5982.67,598.27,616.49,-10.0,5964.0,5983.0,18.0,15/10/2022,Oct-22, Meteoric Storm,Yellow Cruises,Turnaround
144864,377.1714286,271.4285714,27.14,78.6,21.0,377.0,271.0,106.0,15/10/2022,Oct-22, Meteoric Storm,Yellow Cruises,Turnaround
144873,3472.63,2945.24,294.52,232.86,7.0,3473.0,2945.0,527.0,10/12/2022,Dec-22, Interstellar Iris,Yellow Cruises,Turnaround
144882,7905.89,5812.14,581.21,1512.53,19.0,7906.0,5812.0,2094.0,10/12/2022,Dec-22, Interstellar Iris,Yellow Cruises,Turnaround
144891,742.08,1087.98,108.8,454.7,-61.0,742.0,1088.0,346.0,4/1/2023,Jan-23, Interstellar Iris,Yellow Cruises,Shorex
144900,602.6071429,221.4285714,22.14,359.04,60.0,603.0,221.0,381.0,7/11/2022,Nov-22, Lunar Crest,Yellow Cruises,Shorex
144909,1948.28,612.2928571,61.23,1274.76,65.0,1948.0,612.0,1336.0,7/11/2022,Nov-22, Meteoric Storm,Yellow Cruises,Shorex
144918,34.01428571,16.07142857,1.61,16.34,48.0,34.0,16.0,18.0,24/12/2022,Dec-22, Moonshadow,Yellow Cruises,Other
144927,311.2714286,0.0,,311.27,100.0,311.0,,311.0,24/12/2022,Dec-22, Celestial Voyager,Yellow Cruises,Other
144936,373.5857143,0.0,,373.59,100.0,374.0,,374.0,24/12/2022,Dec-22, Orion's Fury,Yellow Cruises,Turnaround
144945,8057.41,7570.09,757.01,269.69,-3.0,8057.0,7570.0,487.0,12/12/2022,Dec-22, Andromeda Star,Yellow Cruises,Hotel
144954,811.08,740.99,74.1,4.01,0.0,811.0,741.0,70.0,12/12/2022,Dec-22, Astral Odyssey,Yellow Cruises,Hotel
144963,540.7214286,493.9928571,49.4,2.67,0.0,541.0,494.0,47.0,24/12/2022,Dec-22, Astral Phoenix,Yellow Cruises,Hotel
144972,480.6428571,413.8857143,41.39,25.37,5.0,481.0,414.0,67.0,24/12/2022,Dec-22, Aurora Borealis,Yellow Cruises,Hotel
144981,480.6428571,413.8857143,41.39,25.37,5.0,481.0,414.0,67.0,24/12/2022,Dec-22, Galactic Whisper,Yellow Cruises,Hotel
144990,473.9642857,420.5642857,42.06,11.34,2.0,474.0,421.0,53.0,24/12/2022,Dec-22, Galactic Whisper,Yellow Cruises,Hotel
144999,473.9642857,420.5642857,42.06,11.34,2.0,474.0,421.0,53.0,24/12/2022,Dec-22, Galactic Whisper,Yellow Cruises,Hotel
145008,236.9857143,210.2785714,21.03,5.68,2.0,237.0,210.0,27.0,24/12/2022,Dec-22, Galactic Whisper,Yellow Cruises,Hotel
145035,805.22,32.14285714,3.21,769.86,96.0,805.0,32.0,773.0,7/11/2022,Nov-22, Galactic Whisper,Yellow Cruises,Other
145044,5697.04,7062.54,706.25,2071.75,-36.0,5697.0,7063.0,1366.0,11/1/2023,Jan-23, Interstellar Iris,Yellow Cruises,Shorex
145053,0.0,0.0,,0.0,0.0,,,,11/1/2023,Jan-23, Lunar Crest,Yellow Cruises,Other
145062,811.69,1148.46,114.85,451.62,-56.0,812.0,1148.0,337.0,9/1/2023,Jan-23, Meteoric Storm,Yellow Cruises,Shorex
145071,0.0,0.0,,0.0,0.0,,,,9/1/2023,Jan-23, Moonshadow,Yellow Cruises,Other
145080,2778.55,279.6785714,27.97,2470.9,89.0,2779.0,280.0,2499.0,21/12/2022,Dec-22, Celestial Voyager,Yellow Cruises,Shorex
145089,1878.44,1316.74,131.67,430.02,23.0,1878.0,1317.0,562.0,3/1/2023,Jan-23, Orion's Fury,Yellow Cruises,Shorex
145098,1791.04,0.0,,1791.04,100.0,1791.0,,1791.0,9/1/2023,Jan-23, Andromeda Star,Yellow Cruises,Other
145107,347.1285714,0.0,,347.13,100.0,347.0,,347.0,9/1/2023,Jan-23, Astral Odyssey,Yellow Cruises,Other
145116,86.78571429,0.0,,86.79,100.0,87.0,,87.0,9/1/2023,Jan-23, Astral Phoenix,Yellow Cruises,Other
145125,726.95,0.0,,726.95,100.0,727.0,,727.0,9/1/2023,Jan-23, Aurora Borealis,Yellow Cruises,Other
145134,4119.49,2348.21,234.82,1536.46,37.0,4119.0,2348.0,1771.0,9/1/2023,Jan-23, Interstellar Iris,Yellow Cruises,Other
145143,518.2285714,451.05,45.11,22.07,4.0,518.0,451.0,67.0,10/12/2022,Dec-22, Lunar Crest,Yellow Cruises,Shorex
145152,473.9642857,420.5642857,42.06,11.34,2.0,474.0,421.0,53.0,4/1/2023,Jan-23, Meteoric Storm,Yellow Cruises,Hotel
145161,530.7071429,480.6428571,48.06,2.0,0.0,531.0,481.0,50.0,4/1/2023,Jan-23, Moonshadow,Yellow Cruises,Hotel
145170,1184.91,1051.41,105.14,28.37,2.0,1185.0,1051.0,134.0,7/11/2022,Nov-22, Celestial Voyager,Yellow Cruises,Hotel
145179,480.6428571,413.8857143,41.39,25.37,5.0,481.0,414.0,67.0,7/11/2022,Nov-22, Orion's Fury,Yellow Cruises,Hotel
145188,236.9857143,210.2785714,21.03,5.68,2.0,237.0,210.0,27.0,7/11/2022,Nov-22, Andromeda Star,Yellow Cruises,Hotel
145197,1028.04,907.88,90.79,29.37,3.0,1028.0,908.0,120.0,7/11/2022,Nov-22, Astral Odyssey,Yellow Cruises,Hotel
145206,14709.61,11271.69,1127.17,2310.75,16.0,14710.0,11272.0,3438.0,7/11/2022,Nov-22, Astral Phoenix,Yellow Cruises,Other
145215,250.3357143,166.8928571,16.69,66.75,27.0,250.0,167.0,83.0,7/11/2022,Nov-22, Aurora Borealis,Yellow Cruises,Hotel
145224,911.21,1028.04,102.8,219.63,-24.0,911.0,1028.0,117.0,7/11/2022,Nov-22, Interstellar Iris,Yellow Cruises,Other
145233,2993.99,2072.76,207.28,713.95,24.0,2994.0,2073.0,921.0,7/11/2022,Nov-22, Lunar Crest,Yellow Cruises,Other
145242,700.9357143,584.1142857,58.41,58.41,8.0,701.0,584.0,117.0,7/11/2022,Nov-22, Meteoric Storm,Yellow Cruises,Other
145251,350.4642857,0.0,,350.46,100.0,350.0,,350.0,10/12/2022,Dec-22, Moonshadow,Yellow Cruises,Other
145260,11504.01,8562.76,856.28,2084.97,18.0,11504.0,8563.0,2941.0,4/1/2023,Jan-23, Celestial Voyager,Yellow Cruises,Turnaround
145269,15267.02,10452.13,1045.21,3769.68,25.0,15267.0,10452.0,4815.0,8/11/2022,Nov-22, Orion's Fury,Yellow Cruises,Turnaround
145278,11386.51,7851.1,785.11,2750.3,24.0,11387.0,7851.0,3535.0,9/1/2023,Jan-23, Andromeda Star,Yellow Cruises,Turnaround
145287,11381.84,7863.64,786.36,2731.84,24.0,11382.0,7864.0,3518.0,1/1/2023,Jan-23, Astral Odyssey,Yellow Cruises,Turnaround
145296,15248.0,13055.11,1305.51,887.38,6.0,15248.0,13055.0,2193.0,4/1/2023,Jan-23, Astral Phoenix,Yellow Cruises,Turnaround
145305,11422.56,7806.99,780.7,2834.87,25.0,11423.0,7807.0,3616.0,8/11/2022,Nov-22, Aurora Borealis,Yellow Cruises,Turnaround
145314,10771.03,7512.55,751.26,2507.22,23.0,10771.0,7513.0,3258.0,8/11/2022,Nov-22, Interstellar Iris,Yellow Cruises,Turnaround
145323,9758.01,7777.16,777.72,1203.14,12.0,9758.0,7777.0,1981.0,11/1/2023,Jan-23, Lunar Crest,Yellow Cruises,Turnaround
145332,10425.24,7151.06,715.11,2559.07,25.0,10425.0,7151.0,3274.0,13/1/2023,Jan-23, Meteoric Storm,Yellow Cruises,Turnaround
145341,11279.37,8099.8,809.98,2369.59,21.0,11279.0,8100.0,3180.0,22/10/2022,Oct-22, Moonshadow,Yellow Cruises,Turnaround
145350,11572.1,8199.16,819.92,2553.02,22.0,11572.0,8199.0,3373.0,10/12/2022,Dec-22, Celestial Voyager,Yellow Cruises,Turnaround
145359,11717.96,8523.41,852.34,2342.2,20.0,11718.0,8523.0,3195.0,22/1/2023,Jan-23, Orion's Fury,Yellow Cruises,Turnaround
145368,6962.61,4128.94,412.89,2420.79,35.0,6963.0,4129.0,2834.0,24/1/2023,Jan-23, Andromeda Star,Yellow Cruises,Turnaround
145377,2567.42,648.75,64.88,1853.8,72.0,2567.0,649.0,1919.0,24/1/2023,Jan-23, Astral Odyssey,Yellow Cruises,Other
145386,15195.22,9284.49,928.45,4982.29,33.0,15195.0,9284.0,5911.0,8/11/2022,Nov-22, Astral Phoenix,Yellow Cruises,Turnaround
145395,671.1428571,200.7142857,20.07,450.36,67.0,671.0,201.0,470.0,8/11/2022,Nov-22, Aurora Borealis,Yellow Cruises,Turnaround
145404,15359.23,9551.76,955.18,4852.3,32.0,15359.0,9552.0,5807.0,2/1/2023,Jan-23, Interstellar Iris,Yellow Cruises,Turnaround
145413,249.3142857,27.14285714,2.71,219.46,88.0,249.0,27.0,222.0,2/1/2023,Jan-23, Interstellar Iris,Yellow Cruises,Turnaround
145422,15379.93,8379.92,837.99,6162.02,40.0,15380.0,8380.0,7000.0,8/11/2022,Nov-22, Lunar Crest,Yellow Cruises,Turnaround
145431,189.2571429,54.28571429,5.43,129.54,68.0,189.0,54.0,135.0,8/11/2022,Nov-22, Meteoric Storm,Yellow Cruises,Turnaround
145440,10535.54,8457.18,845.72,1232.64,12.0,10536.0,8457.0,2078.0,11/1/2023,Jan-23, Moonshadow,Yellow Cruises,Turnaround
145449,6045.21,2175.71,217.57,3651.92,60.0,6045.0,2176.0,3869.0,11/1/2023,Jan-23, Celestial Voyager,Yellow Cruises,Turnaround
145458,15456.36,8711.59,871.16,5873.61,38.0,15456.0,8712.0,6745.0,10/12/2022,Dec-22, Orion's Fury,Yellow Cruises,Turnaround
145467,94.62857143,27.14285714,2.71,64.77,68.0,95.0,27.0,67.0,10/12/2022,Dec-22, Andromeda Star,Yellow Cruises,Turnaround
145476,10664.51,7526.85,752.69,2384.98,22.0,10665.0,7527.0,3138.0,10/12/2022,Dec-22, Astral Odyssey,Yellow Cruises,Turnaround
145485,7911.22,2658.93,265.89,4986.4,63.0,7911.0,2659.0,5252.0,10/12/2022,Dec-22, Astral Phoenix,Yellow Cruises,Turnaround
145494,15298.72,8669.53,866.95,5762.24,38.0,15299.0,8670.0,6629.0,22/10/2022,Oct-22, Aurora Borealis,Yellow Cruises,Turnaround
145503,492.6142857,35.71428571,3.57,453.33,92.0,493.0,36.0,457.0,22/10/2022,Oct-22, Interstellar Iris,Yellow Cruises,Turnaround
145512,15064.65,9429.79,942.98,4691.88,31.0,15065.0,9430.0,5635.0,21/1/2023,Jan-23, Lunar Crest,Yellow Cruises,Turnaround
145521,515.9142857,1932.14,193.21,1609.44,-312.0,516.0,1932.0,1416.0,21/1/2023,Jan-23, Meteoric Storm,Yellow Cruises,Turnaround
145530,5280.71,4943.6,494.36,157.25,-3.0,5281.0,4944.0,337.0,10/1/2023,Jan-23, Moonshadow,Yellow Cruises,Turnaround
145539,9391.19,4648.86,464.89,4277.44,46.0,9391.0,4649.0,4742.0,10/1/2023,Jan-23, Celestial Voyager,Yellow Cruises,Turnaround
145548,5125.84,5142.46,514.25,530.87,-10.0,5126.0,5142.0,17.0,2/1/2023,Jan-23, Orion's Fury,Yellow Cruises,Turnaround
145557,1550.74,811.79,81.18,657.77,42.0,1551.0,812.0,739.0,2/1/2023,Jan-23, Andromeda Star,Yellow Cruises,Turnaround
145566,5674.57,5399.34,539.93,264.7,-5.0,5675.0,5399.0,275.0,10/1/2023,Jan-23, Astral Odyssey,Yellow Cruises,Turnaround
145575,8872.5,4644.64,464.46,3763.39,42.0,8873.0,4645.0,4228.0,10/1/2023,Jan-23, Astral Phoenix,Yellow Cruises,Turnaround
145584,5789.39,5794.21,579.42,584.25,-10.0,5789.0,5794.0,5.0,21/1/2023,Jan-23, Aurora Borealis,Yellow Cruises,Turnaround
145593,6971.31,1903.16,190.32,4877.83,70.0,6971.0,1903.0,5068.0,21/1/2023,Jan-23, Interstellar Iris,Yellow Cruises,Turnaround
145602,3986.32,3227.79,322.78,435.76,11.0,3986.0,3228.0,759.0,17/12/2022,Dec-22, Lunar Crest,Yellow Cruises,Turnaround
145611,15656.21,6868.21,686.82,8101.17,52.0,15656.0,6868.0,8788.0,17/12/2022,Dec-22, Meteoric Storm,Yellow Cruises,Turnaround
145620,9214.29,9214.29,921.43,921.43,-10.0,9214.0,9214.0,,9/1/2023,Jan-23, Moonshadow,Yellow Cruises,Other
145629,473.9642857,0.0,,473.96,100.0,474.0,,474.0,12/12/2022,Dec-22, Celestial Voyager,Yellow Cruises,Hotel
145638,236.9857143,210.2785714,21.03,5.68,2.0,237.0,210.0,27.0,4/1/2023,Jan-23, Orion's Fury,Yellow Cruises,Hotel
145647,1895.86,1682.24,168.22,45.4,2.0,1896.0,1682.0,214.0,9/1/2023,Jan-23, Andromeda Star,Yellow Cruises,Hotel
145656,236.9857143,210.2785714,21.03,5.68,2.0,237.0,210.0,27.0,9/1/2023,Jan-23, Astral Odyssey,Yellow Cruises,Hotel
145665,1415.22,1281.71,128.17,5.34,0.0,1415.0,1282.0,134.0,9/1/2023,Jan-23, Astral Phoenix,Yellow Cruises,Hotel
145674,37505.03,20980.86,2098.09,14426.08,38.0,37505.0,20981.0,16524.0,17/12/2022,Dec-22, Aurora Borealis,Yellow Cruises,Turnaround
145683,13638.19,10519.36,1051.94,2066.9,15.0,13638.0,10519.0,3119.0,17/12/2022,Dec-22, Interstellar Iris,Yellow Cruises,Other
145692,22329.78,16822.43,1682.24,3825.11,17.0,22330.0,16822.0,5507.0,17/12/2022,Dec-22, Lunar Crest,Yellow Cruises,Other
145701,470.9285714,423.85,42.39,4.69,1.0,471.0,424.0,47.0,17/12/2022,Dec-22, Meteoric Storm,Yellow Cruises,Shorex
145710,35951.26,23208.82,2320.88,10421.56,29.0,35951.0,23209.0,12742.0,17/12/2022,Dec-22, Moonshadow,Yellow Cruises,Other
145719,18831.71,16312.84,1631.28,887.59,5.0,18832.0,16313.0,2519.0,2/1/2023,Jan-23, Celestial Voyager,Yellow Cruises,Shorex
145728,36161.55,23736.32,2373.63,10051.6,28.0,36162.0,23736.0,12425.0,2/1/2023,Jan-23, Orion's Fury,Yellow Cruises,Other
145737,14060.01,21000.93,2100.09,9041.01,-64.0,14060.0,21001.0,6941.0,4/1/2023,Jan-23, Andromeda Star,Yellow Cruises,Shorex
145746,32873.28,23367.69,2336.77,7168.82,22.0,32873.0,23368.0,9506.0,8/11/2022,Nov-22, Astral Odyssey,Yellow Cruises,Shorex
145755,14339.12,11195.52,1119.55,2024.05,14.0,14339.0,11196.0,3144.0,8/11/2022,Nov-22, Astral Phoenix,Yellow Cruises,Other
145773,9879.84,6821.93,682.19,2375.72,24.0,9880.0,6822.0,3058.0,8/11/2022,Nov-22, Aurora Borealis,Yellow Cruises,Other
145782,260.4,0.0,,260.4,100.0,260.0,,260.0,17/12/2022,Dec-22, Interstellar Iris,Yellow Cruises,Other
145791,7810.41,4911.81,491.18,2407.42,31.0,7810.0,4912.0,2899.0,17/12/2022,Dec-22, Lunar Crest,Yellow Cruises,Other
145800,18491.32,10995.99,1099.6,6395.74,35.0,18491.0,10996.0,7495.0,17/12/2022,Dec-22, Meteoric Storm,Yellow Cruises,Other
145809,1268.36,1001.34,100.13,166.89,13.0,1268.0,1001.0,267.0,17/12/2022,Dec-22, Moonshadow,Yellow Cruises,Other
145818,39118.6,33735.62,3373.56,2009.42,5.0,39119.0,33736.0,5383.0,13/1/2023,Jan-23, Celestial Voyager,Yellow Cruises,Other
145827,20971.76,17612.59,1761.26,1597.92,8.0,20972.0,17613.0,3359.0,22/10/2022,Oct-22, Orion's Fury,Yellow Cruises,Shorex
145836,3072.69,3749.93,374.99,1052.24,-34.0,3073.0,3750.0,677.0,9/1/2023,Jan-23, Andromeda Star,Yellow Cruises,Other
145845,230.6714286,166.8928571,16.69,47.09,20.0,231.0,167.0,64.0,8/11/2022,Nov-22, Astral Odyssey,Yellow Cruises,Other
145854,1873.44,1458.66,145.87,268.91,14.0,1873.0,1459.0,415.0,2/1/2023,Jan-23, Astral Phoenix,Yellow Cruises,Shorex
145863,607.4785714,422.8714286,42.29,142.32,23.0,607.0,423.0,185.0,8/11/2022,Nov-22, Aurora Borealis,Yellow Cruises,Other
145872,9185.46,53697.7,5369.77,49882.01,-543.0,9185.0,53698.0,44512.0,17/12/2022,Dec-22, Interstellar Iris,Yellow Cruises,Shorex
145881,36708.96,20904.58,2090.46,13713.92,37.0,36709.0,20905.0,15804.0,4/1/2023,Jan-23, Lunar Crest,Yellow Cruises,Turnaround
145890,310.6071429,0.0,,310.61,100.0,311.0,,311.0,17/12/2022,Dec-22, Meteoric Storm,Yellow Cruises,Turnaround
145899,869.7,25.71428571,2.57,841.41,97.0,870.0,26.0,844.0,17/12/2022,Dec-22, Moonshadow,Yellow Cruises,Turnaround
145908,362.0142857,179.2142857,17.92,164.88,46.0,362.0,179.0,183.0,22/10/2022,Oct-22, Celestial Voyager,Yellow Cruises,Other
145917,203.6357143,0.0,,203.64,100.0,204.0,,204.0,17/12/2022,Dec-22, Orion's Fury,Yellow Cruises,Other
145926,86.78571429,0.0,,86.79,100.0,87.0,,87.0,11/1/2023,Jan-23, Andromeda Star,Yellow Cruises,Other
145935,86.78571429,0.0,,86.79,100.0,87.0,,87.0,17/12/2022,Dec-22, Astral Odyssey,Yellow Cruises,Other
145944,629.9071429,0.0,,629.91,100.0,630.0,,630.0,2/1/2023,Jan-23, Astral Phoenix,Yellow Cruises,Other
145953,710.95,630.8428571,63.08,17.02,2.0,711.0,631.0,80.0,2/1/2023,Jan-23, Aurora Borealis,Yellow Cruises,Hotel
145962,236.9857143,210.2785714,21.03,5.68,2.0,237.0,210.0,27.0,2/1/2023,Jan-23, Interstellar Iris,Yellow Cruises,Hotel
145971,811.08,740.99,74.1,4.01,0.0,811.0,741.0,70.0,11/1/2023,Jan-23, Lunar Crest,Yellow Cruises,Hotel
145980,1081.44,987.99,98.8,5.34,0.0,1081.0,988.0,93.0,11/1/2023,Jan-23, Meteoric Storm,Yellow Cruises,Hotel
145989,540.7214286,493.9928571,49.4,2.67,0.0,541.0,494.0,47.0,11/1/2023,Jan-23, Moonshadow,Yellow Cruises,Hotel
145998,480.6428571,413.8857143,41.39,25.37,5.0,481.0,414.0,67.0,11/1/2023,Jan-23, Celestial Voyager,Yellow Cruises,Hotel
146007,1922.56,1655.54,165.55,101.47,5.0,1923.0,1656.0,267.0,11/1/2023,Jan-23, Orion's Fury,Yellow Cruises,Hotel
146016,271.5142857,0.0,,271.51,100.0,272.0,,272.0,23/12/2022,Dec-22, Andromeda Star,Yellow Cruises,Other
146025,1895.86,1682.24,168.22,45.4,2.0,1896.0,1682.0,214.0,11/1/2023,Jan-23, Astral Odyssey,Yellow Cruises,Hotel
146034,1895.86,1682.24,168.22,45.4,2.0,1896.0,1682.0,214.0,11/1/2023,Jan-23, Astral Phoenix,Yellow Cruises,Hotel
146043,4128.84,3871.83,387.18,130.18,-3.0,4129.0,3872.0,257.0,11/1/2023,Jan-23, Aurora Borealis,Yellow Cruises,Hotel
146052,11004.67,7686.78,768.68,2549.22,23.0,11005.0,7687.0,3318.0,6/2/2023,Feb-23, Interstellar Iris,Yellow Cruises,Turnaround
146061,9396.53,7074.73,707.47,1614.33,17.0,9397.0,7075.0,2322.0,8/2/2023,Feb-23, Lunar Crest,Yellow Cruises,Turnaround
146070,9188.59,7396.01,739.6,1052.97,11.0,9189.0,7396.0,1793.0,11/2/2023,Feb-23, Meteoric Storm,Yellow Cruises,Turnaround
146079,11332.44,6051.39,605.14,4675.92,41.0,11332.0,6051.0,5281.0,13/2/2023,Feb-23, Moonshadow,Yellow Cruises,Turnaround
146088,9295.06,5849.05,584.91,2861.1,31.0,9295.0,5849.0,3446.0,15/2/2023,Feb-23, Celestial Voyager,Yellow Cruises,Turnaround
146097,967.96,1896.94,189.69,1118.67,-116.0,968.0,1897.0,929.0,17/2/2023,Feb-23, Orion's Fury,Yellow Cruises,Turnaround
146106,11218.29,9231.31,923.13,1063.86,9.0,11218.0,9231.0,1987.0,20/2/2023,Feb-23, Andromeda Star,Yellow Cruises,Turnaround
146115,10616.49,7392.56,739.26,2484.67,23.0,10616.0,7393.0,3224.0,22/2/2023,Feb-23, Astral Odyssey,Yellow Cruises,Turnaround
146124,14000.0,11967.4,1196.74,835.86,6.0,14000.0,11967.0,2033.0,25/2/2023,Feb-23, Astral Phoenix,Yellow Cruises,Turnaround
146133,12497.66,11428.51,1142.85,73.7,-1.0,12498.0,11429.0,1069.0,28/2/2023,Feb-23, Aurora Borealis,Yellow Cruises,Turnaround
146142,12106.14,10258.82,1025.88,821.44,7.0,12106.0,10259.0,1847.0,20/2/2023,Feb-23, Interstellar Iris,Yellow Cruises,Turnaround
146151,9408.21,4691.91,469.19,4247.12,45.0,9408.0,4692.0,4716.0,24/2/2023,Feb-23, Lunar Crest,Yellow Cruises,Turnaround
146160,6168.22,4285.54,428.55,1454.13,24.0,6168.0,4286.0,1883.0,24/2/2023,Feb-23, Meteoric Storm,Yellow Cruises,Turnaround
146169,2467.29,353.5714286,35.36,2078.36,84.0,2467.0,354.0,2114.0,24/2/2023,Feb-23, Moonshadow,Yellow Cruises,Other
146178,14417.21,8143.43,814.34,5459.44,38.0,14417.0,8143.0,6274.0,5/2/2023,Feb-23, Celestial Voyager,Yellow Cruises,Turnaround
146187,1214.54,0.0,,1214.54,100.0,1215.0,,1215.0,5/2/2023,Feb-23, Orion's Fury,Yellow Cruises,Turnaround
146196,14417.21,8116.23,811.62,5489.36,38.0,14417.0,8116.0,6301.0,12/2/2023,Feb-23, Andromeda Star,Yellow Cruises,Turnaround
146205,1301.9,398.6428571,39.86,863.39,66.0,1302.0,399.0,903.0,12/2/2023,Feb-23, Astral Odyssey,Yellow Cruises,Turnaround
146214,14417.21,9318.58,931.86,4166.78,29.0,14417.0,9319.0,5099.0,19/2/2023,Feb-23, Astral Phoenix,Yellow Cruises,Turnaround
146223,617.6071429,126.4285714,12.64,478.54,77.0,618.0,126.0,491.0,19/2/2023,Feb-23, Aurora Borealis,Yellow Cruises,Turnaround
146232,11302.76,7402.78,740.28,3159.7,28.0,11303.0,7403.0,3900.0,20/2/2023,Feb-23, Interstellar Iris,Yellow Cruises,Turnaround
146241,4287.14,1577.14,157.71,2552.28,60.0,4287.0,1577.0,2710.0,20/2/2023,Feb-23, Lunar Crest,Yellow Cruises,Turnaround
146250,11302.76,8318.42,831.84,2152.49,19.0,11303.0,8318.0,2984.0,21/2/2023,Feb-23, Meteoric Storm,Yellow Cruises,Turnaround
146259,6042.4,2462.14,246.21,3334.04,55.0,6042.0,2462.0,3580.0,21/2/2023,Feb-23, Moonshadow,Yellow Cruises,Turnaround
146268,14417.21,7501.04,750.1,6166.07,43.0,14417.0,7501.0,6916.0,23/2/2023,Feb-23, Celestial Voyager,Yellow Cruises,Turnaround
146277,436.2214286,107.1428571,10.71,318.36,73.0,436.0,107.0,329.0,23/2/2023,Feb-23, Orion's Fury,Yellow Cruises,Turnaround
146286,14417.21,10083.61,1008.36,3325.24,23.0,14417.0,10084.0,4334.0,27/2/2023,Feb-23, Andromeda Star,Yellow Cruises,Turnaround
146295,188.2428571,0.0,,188.24,100.0,188.0,,188.0,27/2/2023,Feb-23, Astral Odyssey,Yellow Cruises,Turnaround
146304,14417.21,6837.64,683.76,6895.82,48.0,14417.0,6838.0,7580.0,21/2/2023,Feb-23, Astral Phoenix,Yellow Cruises,Turnaround
146313,649.8142857,222.8571429,22.29,404.67,62.0,650.0,223.0,427.0,21/2/2023,Feb-23, Aurora Borealis,Yellow Cruises,Turnaround
146322,5259.85,4562.39,456.24,241.22,5.0,5260.0,4562.0,697.0,9/2/2023,Feb-23, Interstellar Iris,Yellow Cruises,Turnaround
146331,9128.18,4359.29,435.93,4332.96,47.0,9128.0,4359.0,4769.0,9/2/2023,Feb-23, Lunar Crest,Yellow Cruises,Turnaround
146340,5587.11,5304.91,530.49,248.28,-4.0,5587.0,5305.0,282.0,10/2/2023,Feb-23, Meteoric Storm,Yellow Cruises,Turnaround
146349,6048.75,2833.93,283.39,2931.43,48.0,6049.0,2834.0,3215.0,10/2/2023,Feb-23, Moonshadow,Yellow Cruises,Turnaround
146358,5665.89,6047.3,604.73,986.14,-17.0,5666.0,6047.0,381.0,21/2/2023,Feb-23, Celestial Voyager,Yellow Cruises,Turnaround
146367,2328.44,910.0,91.0,1327.44,57.0,2328.0,910.0,1418.0,21/2/2023,Feb-23, Orion's Fury,Yellow Cruises,Turnaround
146376,6322.09,5464.55,546.46,311.08,5.0,6322.0,5465.0,858.0,24/2/2023,Feb-23, Andromeda Star,Yellow Cruises,Turnaround
146385,4178.89,2871.43,287.14,1020.32,24.0,4179.0,2871.0,1307.0,24/2/2023,Feb-23, Astral Odyssey,Yellow Cruises,Turnaround
146394,4792.56,7502.31,750.23,3459.97,-72.0,4793.0,7502.0,2710.0,19/2/2023,Feb-23, Astral Phoenix,Yellow Cruises,Turnaround
146403,952.61,1032.14,103.21,182.75,-19.0,953.0,1032.0,80.0,19/2/2023,Feb-23, Aurora Borealis,Yellow Cruises,Turnaround
146412,3145.21,3798.49,379.85,1033.13,-33.0,3145.0,3798.0,653.0,7/2/2023,Feb-23, Interstellar Iris,Yellow Cruises,Turnaround
146421,4144.2,2129.29,212.93,1801.99,43.0,4144.0,2129.0,2015.0,7/2/2023,Feb-23, Lunar Crest,Yellow Cruises,Turnaround
146430,5459.28,4995.84,499.58,36.14,-1.0,5459.0,4996.0,463.0,19/2/2023,Feb-23, Meteoric Storm,Yellow Cruises,Turnaround
146439,8722.98,4979.29,497.93,3245.76,37.0,8723.0,4979.0,3744.0,19/2/2023,Feb-23, Moonshadow,Yellow Cruises,Turnaround
146448,3681.75,2803.16,280.32,598.27,16.0,3682.0,2803.0,879.0,21/2/2023,Feb-23, Celestial Voyager,Yellow Cruises,Turnaround
146457,11390.52,7332.14,733.21,3325.16,29.0,11391.0,7332.0,4058.0,21/2/2023,Feb-23, Orion's Fury,Yellow Cruises,Turnaround
146466,10616.09,8405.22,840.52,1370.35,13.0,10616.0,8405.0,2211.0,10/1/2023,Jan-23, Andromeda Star,Yellow Cruises,Shorex
146475,1122.41,839.8,83.98,198.63,18.0,1122.0,840.0,283.0,21/1/2023,Jan-23, Astral Odyssey,Yellow Cruises,Shorex
146484,0.0,0.0,,0.0,0.0,,,,11/11/2022,Nov-22, Astral Phoenix,Yellow Cruises,Turnaround
146493,2312.41,1420.46,142.05,749.9,32.0,2312.0,1420.0,892.0,23/12/2022,Dec-22, Aurora Borealis,Yellow Cruises,Other
146502,1007.09,173.1071429,17.31,816.67,81.0,1007.0,173.0,834.0,23/12/2022,Dec-22, Interstellar Iris,Yellow Cruises,Other
146511,1130.26,725.92,72.59,331.75,29.0,1130.0,726.0,404.0,5/2/2023,Feb-23, Lunar Crest,Yellow Cruises,Shorex
146520,20472.84,19239.24,1923.92,690.32,-3.0,20473.0,19239.0,1234.0,9/2/2023,Feb-23, Meteoric Storm,Yellow Cruises,Shorex
146529,52630.57,44387.9,4438.79,3803.88,7.0,52631.0,44388.0,8243.0,10/2/2023,Feb-23, Moonshadow,Yellow Cruises,Shorex
146538,21149.0,17120.74,1712.07,2316.19,11.0,21149.0,17121.0,4028.0,11/2/2023,Feb-23, Celestial Voyager,Yellow Cruises,Shorex
146547,38593.79,34210.85,3421.09,961.86,2.0,38594.0,34211.0,4383.0,12/2/2023,Feb-23, Orion's Fury,Yellow Cruises,Shorex
146556,1704.41,1460.81,146.08,97.53,6.0,1704.0,1461.0,244.0,12/2/2023,Feb-23, Andromeda Star,Yellow Cruises,Shorex
146565,1858.89,1728.09,172.81,42.02,-2.0,1859.0,1728.0,131.0,19/2/2023,Feb-23, Astral Odyssey,Yellow Cruises,Shorex
146574,15055.43,15079.73,1507.97,1532.27,-10.0,15055.0,15080.0,24.0,20/2/2023,Feb-23, Astral Phoenix,Yellow Cruises,Shorex
146583,37504.25,29878.24,2987.82,4638.18,12.0,37504.0,29878.0,7626.0,20/2/2023,Feb-23, Aurora Borealis,Yellow Cruises,Shorex
146592,18964.27,13614.84,1361.48,3987.94,21.0,18964.0,13615.0,5349.0,23/2/2023,Feb-23, Interstellar Iris,Yellow Cruises,Shorex
146601,19616.28,16635.21,1663.52,1317.55,7.0,19616.0,16635.0,2981.0,25/2/2023,Feb-23, Lunar Crest,Yellow Cruises,Shorex
146610,36789.48,39576.8,3957.68,6745.0,-18.0,36789.0,39577.0,2787.0,26/2/2023,Feb-23, Meteoric Storm,Yellow Cruises,Shorex
146619,4240.27,2523.41,252.34,1464.52,35.0,4240.0,2523.0,1717.0,19/2/2023,Feb-23, Moonshadow,Yellow Cruises,Other
146628,540.7214286,493.9928571,49.4,2.67,0.0,541.0,494.0,47.0,11/1/2023,Jan-23, Celestial Voyager,Yellow Cruises,Hotel
146637,1622.16,1481.98,148.2,8.01,0.0,1622.0,1482.0,140.0,23/12/2022,Dec-22, Orion's Fury,Yellow Cruises,Hotel
146646,1081.44,987.99,98.8,5.34,0.0,1081.0,988.0,93.0,23/12/2022,Dec-22, Andromeda Star,Yellow Cruises,Hotel
146655,540.7214286,493.9928571,49.4,2.67,0.0,541.0,494.0,47.0,23/12/2022,Dec-22, Astral Odyssey,Yellow Cruises,Hotel
146664,1922.56,1655.54,165.55,101.47,5.0,1923.0,1656.0,267.0,23/12/2022,Dec-22, Astral Phoenix,Yellow Cruises,Hotel
146673,1658.88,1471.96,147.2,39.72,2.0,1659.0,1472.0,187.0,23/12/2022,Dec-22, Aurora Borealis,Yellow Cruises,Hotel
146682,473.9642857,420.5642857,42.06,11.34,2.0,474.0,421.0,53.0,23/12/2022,Dec-22, Interstellar Iris,Yellow Cruises,Hotel
146691,737.65,667.5571429,66.76,3.34,0.0,738.0,668.0,70.0,23/12/2022,Dec-22, Lunar Crest,Yellow Cruises,Hotel
146700,206.9428571,186.9142857,18.69,1.34,1.0,207.0,187.0,20.0,22/10/2022,Oct-22, Meteoric Storm,Yellow Cruises,Hotel
146709,153.5357143,133.5142857,13.35,6.67,4.0,154.0,134.0,20.0,11/1/2023,Jan-23, Moonshadow,Yellow Cruises,Hotel
146718,19806.08,18799.57,1879.96,873.45,-4.0,19806.0,18800.0,1007.0,22/10/2022,Oct-22, Celestial Voyager,Yellow Cruises,Shorex
146727,1421.89,1261.69,126.17,34.04,2.0,1422.0,1262.0,160.0,11/1/2023,Jan-23, Orion's Fury,Yellow Cruises,Hotel
146736,36137.26,19828.86,1982.89,14325.51,40.0,36137.0,19829.0,16308.0,11/2/2023,Feb-23, Andromeda Star,Yellow Cruises,Turnaround
146745,236.9857143,210.2785714,21.03,5.68,2.0,237.0,210.0,27.0,21/1/2023,Jan-23, Astral Odyssey,Yellow Cruises,Hotel
146754,710.95,667.5571429,66.76,23.36,-3.0,711.0,668.0,43.0,5/2/2023,Feb-23, Astral Phoenix,Yellow Cruises,Hotel
146763,614.15,493.9928571,49.4,70.76,12.0,614.0,494.0,120.0,5/2/2023,Feb-23, Aurora Borealis,Yellow Cruises,Hotel
146772,34959.28,0.0,,34959.28,100.0,34959.0,,34959.0,13/1/2023,Jan-23, Interstellar Iris,Yellow Cruises,Shorex
146781,13294.39,0.0,,13294.39,100.0,13294.0,,13294.0,13/1/2023,Jan-23, Lunar Crest,Yellow Cruises,Shorex
146790,5654.21,0.0,,5654.21,100.0,5654.0,,5654.0,13/1/2023,Jan-23, Meteoric Storm,Yellow Cruises,Shorex
146799,3604.81,0.0,,3604.81,100.0,3605.0,,3605.0,13/1/2023,Jan-23, Moonshadow,Yellow Cruises,Shorex
146808,614.15,0.0,,614.15,100.0,614.0,,614.0,13/1/2023,Jan-23, Celestial Voyager,Yellow Cruises,Shorex
146817,11831.11,0.0,,11831.11,100.0,11831.0,,11831.0,13/1/2023,Jan-23, Orion's Fury,Yellow Cruises,Shorex
146826,14409.89,0.0,,14409.89,100.0,14410.0,,14410.0,13/1/2023,Jan-23, Andromeda Star,Yellow Cruises,Shorex
146835,13485.34,0.0,,13485.34,100.0,13485.0,,13485.0,13/1/2023,Jan-23, Astral Odyssey,Yellow Cruises,Shorex
146844,9428.57,0.0,,9428.57,100.0,9429.0,,9429.0,13/1/2023,Jan-23, Astral Phoenix,Yellow Cruises,Shorex
146853,5367.16,0.0,,5367.16,100.0,5367.0,,5367.0,13/1/2023,Jan-23, Aurora Borealis,Yellow Cruises,Shorex
146862,176.9,160.2142857,16.02,0.66,0.0,177.0,160.0,17.0,23/12/2022,Dec-22, Interstellar Iris,Yellow Cruises,Hotel
146871,8850.65,7184.94,718.49,947.22,11.0,8851.0,7185.0,1666.0,7/3/2023,Mar-23, Lunar Crest,Yellow Cruises,Other
146880,19388.79,17195.49,1719.55,473.74,2.0,19389.0,17195.0,2193.0,9/3/2023,Mar-23, Meteoric Storm,Yellow Cruises,Other
146889,18076.35,15495.21,1549.52,1031.62,6.0,18076.0,15495.0,2581.0,11/3/2023,Mar-23, Moonshadow,Yellow Cruises,Other
146898,36314.36,33057.15,3305.72,48.5,0.0,36314.0,33057.0,3257.0,12/3/2023,Mar-23, Celestial Voyager,Yellow Cruises,Other
146916,18535.45,16006.42,1600.64,928.39,5.0,18535.0,16006.0,2529.0,23/3/2023,Mar-23, Orion's Fury,Yellow Cruises,Other
146925,17258.11,14771.19,1477.12,1009.8,6.0,17258.0,14771.0,2487.0,24/3/2023,Mar-23, Andromeda Star,Yellow Cruises,Other
146934,39149.65,34878.19,3487.82,783.65,2.0,39150.0,34878.0,4271.0,25/3/2023,Mar-23, Astral Odyssey,Yellow Cruises,Other
146943,176.9,0.0,,176.9,100.0,177.0,,177.0,5/2/2023,Feb-23, Astral Phoenix,Yellow Cruises,Hotel
146952,473.9642857,433.9142857,43.39,3.34,-1.0,474.0,434.0,40.0,5/2/2023,Feb-23, Aurora Borealis,Yellow Cruises,Hotel
146961,961.28,827.77,82.78,50.73,5.0,961.0,828.0,134.0,5/2/2023,Feb-23, Interstellar Iris,Yellow Cruises,Hotel
146970,480.6428571,413.8857143,41.39,25.37,5.0,481.0,414.0,67.0,12/2/2023,Feb-23, Lunar Crest,Yellow Cruises,Hotel
146979,59.99285714,2199.5,219.95,2359.46,-3933.0,60.0,2200.0,2140.0,23/2/2023,Feb-23, Meteoric Storm,Yellow Cruises,Other
146988,176.9,160.2142857,16.02,0.66,0.0,177.0,160.0,17.0,11/1/2023,Jan-23, Moonshadow,Yellow Cruises,Hotel
146997,176.9,160.2142857,16.02,0.66,0.0,177.0,160.0,17.0,11/1/2023,Jan-23, Celestial Voyager,Yellow Cruises,Hotel
147006,720.96,620.8285714,62.08,38.05,5.0,721.0,621.0,100.0,20/2/2023,Feb-23, Orion's Fury,Yellow Cruises,Hotel
147015,811.08,740.99,74.1,4.01,0.0,811.0,741.0,70.0,20/2/2023,Feb-23, Andromeda Star,Yellow Cruises,Hotel
147024,473.9642857,420.5642857,42.06,11.34,2.0,474.0,421.0,53.0,11/1/2023,Jan-23, Astral Odyssey,Yellow Cruises,Hotel
147033,549.75,421.2642857,42.13,86.36,16.0,550.0,421.0,128.0,8/3/2023,Mar-23, Astral Phoenix,Yellow Cruises,Shorex
147042,13508.09,22392.86,2239.29,11124.06,-82.0,13508.0,22393.0,8885.0,23/3/2023,Mar-23, Aurora Borealis,Yellow Cruises,Other
147060,3306.34,2648.14,264.81,393.39,12.0,3306.0,2648.0,658.0,30/3/2023,Mar-23, Interstellar Iris,Yellow Cruises,Other
147069,16731.04,10551.21,1055.12,5124.71,31.0,16731.0,10551.0,6180.0,6/4/2023,Apr-23, Lunar Crest,Yellow Cruises,Other
147087,13824.76,11145.76,1114.58,1564.43,11.0,13825.0,11146.0,2679.0,8/4/2023,Apr-23, Meteoric Storm,Yellow Cruises,Other
147096,9237.54,4935.55,493.56,3808.44,41.0,9238.0,4936.0,4302.0,9/4/2023,Apr-23, Moonshadow,Yellow Cruises,Other
147159,609.7785714,350.4642857,35.05,224.27,37.0,610.0,350.0,259.0,22/10/2022,Oct-22, Celestial Voyager,Yellow Cruises,Shorex
147168,364.5285714,190.2571429,19.03,155.25,43.0,365.0,190.0,174.0,23/12/2022,Dec-22, Orion's Fury,Yellow Cruises,Shorex
147177,609.7785714,362.15,36.22,211.41,35.0,610.0,362.0,248.0,21/1/2023,Jan-23, Andromeda Star,Yellow Cruises,Shorex
147186,1069.62,672.5642857,67.26,329.8,31.0,1070.0,673.0,397.0,4/1/2023,Jan-23, Astral Odyssey,Yellow Cruises,Shorex
147195,943.66,538.05,53.81,351.8,37.0,944.0,538.0,406.0,10/2/2023,Feb-23, Astral Phoenix,Yellow Cruises,Shorex
147204,533.1357143,310.4142857,31.04,191.68,36.0,533.0,310.0,223.0,11/2/2023,Feb-23, Aurora Borealis,Yellow Cruises,Shorex
147213,579.1214286,341.4571429,34.15,203.52,35.0,579.0,341.0,238.0,12/2/2023,Feb-23, Astral Phoenix,Yellow Cruises,Shorex
147222,4572.77,3792.84,379.28,400.64,9.0,4573.0,3793.0,780.0,23/2/2023,Feb-23, Aurora Borealis,Yellow Cruises,Other
147231,1822.43,0.0,,1822.43,100.0,1822.0,,1822.0,20/2/2023,Feb-23, Interstellar Iris,Yellow Cruises,Other
147240,0.0,0.0,,0.0,0.0,,,,20/2/2023,Feb-23, Lunar Crest,Yellow Cruises,Other
147249,410.6857143,237.9857143,23.8,148.9,36.0,411.0,238.0,173.0,25/2/2023,Feb-23, Meteoric Storm,Yellow Cruises,Shorex
147258,533.3571429,341.4571429,34.15,157.75,30.0,533.0,341.0,192.0,26/2/2023,Feb-23, Moonshadow,Yellow Cruises,Shorex
147267,1041.39,0.0,,1041.39,100.0,1041.0,,1041.0,19/2/2023,Feb-23, Celestial Voyager,Yellow Cruises,Other
147276,80.10714286,0.0,,80.11,100.0,80.0,,80.0,21/1/2023,Jan-23, Orion's Fury,Yellow Cruises,Other
147285,550.2285714,25.0,2.5,522.73,95.0,550.0,25.0,525.0,22/2/2023,Feb-23, Andromeda Star,Yellow Cruises,Other
147294,611.2857143,14.1,1.41,595.78,97.0,611.0,14.0,597.0,20/2/2023,Feb-23, Astral Odyssey,Yellow Cruises,Other
147303,335.8928571,214.2857143,21.43,100.18,30.0,336.0,214.0,122.0,21/2/2023,Feb-23, Astral Phoenix,Yellow Cruises,Shorex
147312,0.0,0.0,,0.0,0.0,,,,21/2/2023,Feb-23, Aurora Borealis,Yellow Cruises,Other
147321,37702.46,19547.51,1954.75,16200.2,43.0,37702.0,19548.0,18155.0,25/2/2023,Feb-23, Interstellar Iris,Yellow Cruises,Turnaround
147330,37794.34,18522.99,1852.3,17419.05,46.0,37794.0,18523.0,19271.0,11/3/2023,Mar-23, Lunar Crest,Yellow Cruises,Turnaround
147339,540.7214286,493.9928571,49.4,2.67,0.0,541.0,494.0,47.0,20/2/2023,Feb-23, Meteoric Storm,Yellow Cruises,Hotel
147348,1892.52,1728.97,172.9,9.35,0.0,1893.0,1729.0,164.0,20/2/2023,Feb-23, Moonshadow,Yellow Cruises,Hotel
147357,1201.6,1034.71,103.47,63.41,5.0,1202.0,1035.0,167.0,21/2/2023,Feb-23, Celestial Voyager,Yellow Cruises,Hotel
147366,2162.89,1862.49,186.25,114.15,5.0,2163.0,1862.0,300.0,20/2/2023,Feb-23, Orion's Fury,Yellow Cruises,Hotel
147375,2883.84,2483.31,248.33,152.2,5.0,2884.0,2483.0,401.0,20/2/2023,Feb-23, Andromeda Star,Yellow Cruises,Hotel
147384,1799.06,1789.05,178.91,168.89,-9.0,1799.0,1789.0,10.0,21/2/2023,Feb-23, Astral Odyssey,Yellow Cruises,Hotel
147393,1592.12,1519.36,151.94,79.17,-5.0,1592.0,1519.0,73.0,20/2/2023,Feb-23, Astral Phoenix,Yellow Cruises,Hotel
147402,383.8428571,333.7785714,33.38,16.69,4.0,384.0,334.0,50.0,21/2/2023,Feb-23, Aurora Borealis,Yellow Cruises,Hotel
147411,153.5357143,133.5142857,13.35,6.67,4.0,154.0,134.0,20.0,21/2/2023,Feb-23, Interstellar Iris,Yellow Cruises,Hotel
147420,12095.46,16691.2,1669.12,6264.86,-52.0,12095.0,16691.0,4596.0,8/3/2023,Mar-23, Lunar Crest,Yellow Cruises,Turnaround
147429,7451.6,5279.4,527.94,1644.26,22.0,7452.0,5279.0,2172.0,13/3/2023,Mar-23, Meteoric Storm,Yellow Cruises,Turnaround
147438,8383.84,5247.24,524.72,2611.88,31.0,8384.0,5247.0,3137.0,15/3/2023,Mar-23, Moonshadow,Yellow Cruises,Turnaround
147447,5952.27,5076.16,507.62,368.49,6.0,5952.0,5076.0,876.0,18/3/2023,Mar-23, Celestial Voyager,Yellow Cruises,Turnaround
147456,5117.82,5290.49,529.05,701.71,-14.0,5118.0,5290.0,173.0,20/3/2023,Mar-23, Orion's Fury,Yellow Cruises,Turnaround
147465,5865.82,4792.86,479.29,593.67,10.0,5866.0,4793.0,1073.0,22/3/2023,Mar-23, Andromeda Star,Yellow Cruises,Turnaround
147474,5975.3,5280.16,528.02,167.12,3.0,5975.0,5280.0,695.0,25/3/2023,Mar-23, Astral Odyssey,Yellow Cruises,Turnaround
147483,5899.54,4767.02,476.7,655.81,11.0,5900.0,4767.0,1133.0,27/3/2023,Mar-23, Astral Phoenix,Yellow Cruises,Turnaround
147492,883.84,2021.77,202.18,1340.11,-152.0,884.0,2022.0,1138.0,29/3/2023,Mar-23, Aurora Borealis,Yellow Cruises,Turnaround
147519,3638.19,2107.5,210.75,1319.94,36.0,3638.0,2108.0,1531.0,25/3/2023,Mar-23, Interstellar Iris,Yellow Cruises,Turnaround
147528,759.34,102.1428571,10.21,646.99,85.0,759.0,102.0,657.0,25/3/2023,Mar-23, Lunar Crest,Yellow Cruises,Other
147537,11358.19,6422.04,642.2,4293.95,38.0,11358.0,6422.0,4936.0,7/3/2023,Mar-23, Meteoric Storm,Yellow Cruises,Turnaround
147546,5355.13,1571.43,157.14,3626.56,68.0,5355.0,1571.0,3784.0,7/3/2023,Mar-23, Moonshadow,Yellow Cruises,Turnaround
147555,13575.16,9519.44,951.94,3103.78,23.0,13575.0,9519.0,4056.0,8/3/2023,Mar-23, Celestial Voyager,Yellow Cruises,Turnaround
147564,716.4,186.4285714,18.64,511.33,71.0,716.0,186.0,530.0,8/3/2023,Mar-23, Orion's Fury,Yellow Cruises,Turnaround
147573,13150.62,7073.46,707.35,5369.82,41.0,13151.0,7073.0,6077.0,13/3/2023,Mar-23, Andromeda Star,Yellow Cruises,Turnaround
147582,611.0928571,246.4285714,24.64,340.02,56.0,611.0,246.0,365.0,13/3/2023,Mar-23, Astral Odyssey,Yellow Cruises,Turnaround
147591,12832.21,7864.09,786.41,4181.71,33.0,12832.0,7864.0,4968.0,17/3/2023,Mar-23, Astral Phoenix,Yellow Cruises,Turnaround
147600,77.30714286,0.0,,77.31,100.0,77.0,,77.0,17/3/2023,Mar-23, Aurora Borealis,Yellow Cruises,Turnaround
147609,918.09,651.3571429,65.14,201.59,22.0,918.0,651.0,267.0,21/3/2023,Mar-23, Interstellar Iris,Yellow Cruises,Turnaround
147681,1037.59,721.04,72.1,244.45,24.0,1038.0,721.0,317.0,21/3/2023,Mar-23, Lunar Crest,Yellow Cruises,Turnaround
147690,94.58571429,39.28571429,3.93,51.37,54.0,95.0,39.0,55.0,21/3/2023,Mar-23, Meteoric Storm,Yellow Cruises,Turnaround
147699,2730.48,2484.51,248.45,2.49,0.0,2730.0,2485.0,246.0,17/3/2023,Mar-23, Moonshadow,Yellow Cruises,Turnaround
147708,696.9285714,398.5357143,39.85,258.54,37.0,697.0,399.0,298.0,17/3/2023,Mar-23, Celestial Voyager,Yellow Cruises,Turnaround
147717,495.6642857,472.8214286,47.28,24.44,-5.0,496.0,473.0,23.0,24/3/2023,Mar-23, Orion's Fury,Yellow Cruises,Turnaround
147735,5976.81,7083.49,708.35,1815.04,-30.0,5977.0,7083.0,1107.0,8/3/2023,Mar-23, Andromeda Star,Yellow Cruises,Turnaround
147744,8666.91,4498.0,449.8,3719.11,43.0,8667.0,4498.0,4169.0,8/3/2023,Mar-23, Astral Odyssey,Yellow Cruises,Turnaround
147753,21081.45,7763.77,776.38,12541.3,59.0,21081.0,7764.0,13318.0,19/3/2023,Mar-23, Astral Phoenix,Yellow Cruises,Other
147762,6858.15,5523.95,552.4,781.81,11.0,6858.0,5524.0,1334.0,19/3/2023,Mar-23, Aurora Borealis,Yellow Cruises,Turnaround
147771,6447.27,3421.0,342.1,2684.17,42.0,6447.0,3421.0,3026.0,21/3/2023,Mar-23, Interstellar Iris,Yellow Cruises,Other
147780,11642.53,8570.71,857.07,2214.74,19.0,11643.0,8571.0,3072.0,21/3/2023,Mar-23, Lunar Crest,Yellow Cruises,Turnaround
147807,484.0428571,465.5642857,46.56,28.08,-6.0,484.0,466.0,18.0,13/3/2023,Mar-23, Meteoric Storm,Yellow Cruises,Shorex
147825,906.09,15.0,1.5,889.59,98.0,906.0,15.0,891.0,22/3/2023,Mar-23, Moonshadow,Yellow Cruises,Other
147834,0.0,0.0,,0.0,0.0,,,,28/4/2023,Apr-23, Celestial Voyager,Yellow Cruises,Other
147843,253.2071429,0.0,,253.21,100.0,253.0,,253.0,28/4/2023,Apr-23, Orion's Fury,Yellow Cruises,Other
147861,215.7285714,93.12142857,9.31,113.3,53.0,216.0,93.0,123.0,11/3/2023,Mar-23, Andromeda Star,Yellow Cruises,Shorex
147870,544.4,329.7357143,32.97,181.69,33.0,544.0,330.0,215.0,12/3/2023,Mar-23, Astral Odyssey,Yellow Cruises,Shorex
147879,190.6285714,0.0,,190.63,100.0,191.0,,191.0,12/3/2023,Mar-23, Astral Phoenix,Yellow Cruises,Other
147888,473.9642857,420.5642857,42.06,11.34,2.0,474.0,421.0,53.0,12/2/2023,Feb-23, Aurora Borealis,Yellow Cruises,Hotel
147897,710.95,630.8428571,63.08,17.02,2.0,711.0,631.0,80.0,12/2/2023,Feb-23, Interstellar Iris,Yellow Cruises,Hotel
147906,1658.88,1471.96,147.2,39.72,2.0,1659.0,1472.0,187.0,21/2/2023,Feb-23, Lunar Crest,Yellow Cruises,Hotel
147915,473.9642857,420.5642857,42.06,11.34,2.0,474.0,421.0,53.0,8/3/2023,Mar-23, Meteoric Storm,Yellow Cruises,Hotel
147924,1184.91,1051.4,105.14,28.37,2.0,1185.0,1051.0,134.0,7/3/2023,Mar-23, Moonshadow,Yellow Cruises,Hotel
147933,2606.81,2313.09,231.31,62.41,2.0,2607.0,2313.0,294.0,20/2/2023,Feb-23, Celestial Voyager,Yellow Cruises,Hotel
147942,1351.8,1234.98,123.5,6.68,0.0,1352.0,1235.0,117.0,21/2/2023,Feb-23, Orion's Fury,Yellow Cruises,Hotel
147951,540.7214286,534.0428571,53.4,46.73,-9.0,541.0,534.0,7.0,7/3/2023,Mar-23, Andromeda Star,Yellow Cruises,Hotel
147960,540.7214286,233.6428571,23.36,283.71,52.0,541.0,234.0,307.0,7/3/2023,Mar-23, Astral Odyssey,Yellow Cruises,Hotel
147969,707.6071429,480.6428571,48.06,178.9,25.0,708.0,481.0,227.0,7/3/2023,Mar-23, Astral Phoenix,Yellow Cruises,Hotel
147978,921.23,801.07,80.11,40.05,4.0,921.0,801.0,120.0,7/3/2023,Mar-23, Aurora Borealis,Yellow Cruises,Hotel
147987,720.96,620.8285714,62.08,38.05,5.0,721.0,621.0,100.0,21/2/2023,Feb-23, Interstellar Iris,Yellow Cruises,Hotel
147996,240.3214286,186.9142857,18.69,34.72,14.0,240.0,187.0,53.0,21/2/2023,Feb-23, Lunar Crest,Yellow Cruises,Hotel
148005,1922.56,1495.33,149.53,277.7,14.0,1923.0,1495.0,427.0,7/3/2023,Mar-23, Meteoric Storm,Yellow Cruises,Hotel
148014,560.75,453.9357143,45.39,61.42,11.0,561.0,454.0,107.0,7/3/2023,Mar-23, Moonshadow,Yellow Cruises,Hotel
148023,2980.84,1650.2,165.02,1165.62,39.0,2981.0,1650.0,1331.0,16/3/2023,Mar-23, Celestial Voyager,Yellow Cruises,Turnaround
148032,18002.47,3770.0,377.0,13855.47,77.0,18002.0,3770.0,14232.0,16/3/2023,Mar-23, Orion's Fury,Yellow Cruises,Turnaround
148041,2733.64,1973.14,197.31,563.19,21.0,2734.0,1973.0,761.0,23/3/2023,Mar-23, Andromeda Star,Yellow Cruises,Other
148050,1214.96,0.0,,1214.96,100.0,1215.0,,1215.0,17/3/2023,Mar-23, Astral Odyssey,Yellow Cruises,Other
148059,86.78571429,0.0,,86.79,100.0,87.0,,87.0,7/3/2023,Mar-23, Astral Phoenix,Yellow Cruises,Other
148068,17984.68,16284.86,1628.49,71.33,0.0,17985.0,16285.0,1700.0,27/2/2023,Feb-23, Aurora Borealis,Yellow Cruises,Other
148077,400.5357143,363.8214286,36.38,0.33,0.0,401.0,364.0,37.0,5/2/2023,Feb-23, Interstellar Iris,Yellow Cruises,Hotel
148086,267.0214286,253.6714286,25.37,12.02,-5.0,267.0,254.0,13.0,5/2/2023,Feb-23, Lunar Crest,Yellow Cruises,Hotel
148095,473.9714286,420.5642857,42.06,11.35,2.0,474.0,421.0,53.0,20/2/2023,Feb-23, Meteoric Storm,Yellow Cruises,Hotel
148104,176.9,160.2142857,16.02,0.66,0.0,177.0,160.0,17.0,21/2/2023,Feb-23, Moonshadow,Yellow Cruises,Hotel
148113,146.8642857,0.0,,146.86,100.0,147.0,,147.0,11/1/2023,Jan-23, Celestial Voyager,Yellow Cruises,Hotel
148122,38814.49,19805.49,1980.55,17028.44,44.0,38814.0,19805.0,19009.0,25/3/2023,Mar-23, Orion's Fury,Yellow Cruises,Turnaround
148131,422.8071429,227.6357143,22.76,172.41,41.0,423.0,228.0,195.0,25/3/2023,Mar-23, Andromeda Star,Yellow Cruises,Shorex
148140,422.8071429,227.6357143,22.76,172.41,41.0,423.0,228.0,195.0,26/3/2023,Mar-23, Astral Odyssey,Yellow Cruises,Shorex
148149,1922.56,1495.33,149.53,277.7,14.0,1923.0,1495.0,427.0,7/3/2023,Mar-23, Astral Phoenix,Yellow Cruises,Hotel
148158,236.9857143,210.2785714,21.03,5.68,2.0,237.0,210.0,27.0,13/3/2023,Mar-23, Aurora Borealis,Yellow Cruises,Hotel
148167,5961.56,2663.46,266.35,3031.75,51.0,5962.0,2663.0,3298.0,19/3/2023,Mar-23, Interstellar Iris,Yellow Cruises,Turnaround
148176,7035.19,4680.52,468.05,1886.61,27.0,7035.0,4681.0,2355.0,20/3/2023,Mar-23, Lunar Crest,Yellow Cruises,Turnaround
148185,1001.34,972.91,97.29,68.86,-7.0,1001.0,973.0,28.0,9/1/2023,Jan-23, Meteoric Storm,Yellow Cruises,Other
148194,10013.35,3983.81,398.38,5631.15,56.0,10013.0,3984.0,6030.0,26/3/2023,Mar-23, Moonshadow,Yellow Cruises,Other
148212,188.6285714,188.6285714,18.86,18.86,-10.0,189.0,189.0,,26/3/2023,Mar-23, Celestial Voyager,Yellow Cruises,Other
148221,540.7214286,0.0,,540.72,100.0,541.0,,541.0,22/3/2023,Mar-23, Orion's Fury,Yellow Cruises,Hotel
148230,1081.44,0.0,,1081.44,100.0,1081.0,,1081.0,22/3/2023,Mar-23, Andromeda Star,Yellow Cruises,Hotel
148239,480.6428571,373.8285714,37.38,69.43,14.0,481.0,374.0,107.0,21/3/2023,Mar-23, Astral Odyssey,Yellow Cruises,Hotel
148248,961.28,747.66,74.77,138.85,14.0,961.0,748.0,214.0,22/3/2023,Mar-23, Astral Phoenix,Yellow Cruises,Hotel
148257,720.96,560.75,56.08,104.14,14.0,721.0,561.0,160.0,22/3/2023,Mar-23, Aurora Borealis,Yellow Cruises,Hotel
148266,1268.36,1148.2,114.82,5.34,0.0,1268.0,1148.0,120.0,22/3/2023,Mar-23, Interstellar Iris,Yellow Cruises,Hotel
148275,2243.99,2323.71,232.37,312.09,-14.0,2244.0,2324.0,80.0,6/4/2023,Apr-23, Lunar Crest,Yellow Cruises,Turnaround
148284,598.75,106.4357143,10.64,481.67,80.0,599.0,106.0,492.0,23/3/2023,Mar-23, Meteoric Storm,Yellow Cruises,Turnaround
148293,5689.99,2232.71,223.27,3234.01,57.0,5690.0,2233.0,3457.0,20/3/2023,Mar-23, Moonshadow,Yellow Cruises,Turnaround
148302,280.3714286,200.2642857,20.03,60.08,21.0,280.0,200.0,80.0,21/3/2023,Mar-23, Celestial Voyager,Yellow Cruises,Hotel
148311,8798.32,6715.62,671.56,1411.14,16.0,8798.0,6716.0,2083.0,21/3/2023,Mar-23, Orion's Fury,Yellow Cruises,Hotel
148320,4976.69,4506.01,450.6,20.08,0.0,4977.0,4506.0,471.0,21/3/2023,Mar-23, Andromeda Star,Yellow Cruises,Hotel
148329,11375.19,8651.54,865.15,1858.5,16.0,11375.0,8652.0,2724.0,21/3/2023,Mar-23, Astral Odyssey,Yellow Cruises,Hotel
148338,9953.34,7276.37,727.64,1949.33,20.0,9953.0,7276.0,2677.0,21/3/2023,Mar-23, Astral Phoenix,Yellow Cruises,Hotel
148347,214.4857143,93.12142857,9.31,112.05,52.0,214.0,93.0,121.0,8/4/2023,Apr-23, Aurora Borealis,Yellow Cruises,Shorex
148356,203.9857143,155.2071429,15.52,33.26,16.0,204.0,155.0,49.0,9/4/2023,Apr-23, Interstellar Iris,Yellow Cruises,Shorex
148365,19838.72,8577.11,857.71,10403.9,52.0,19839.0,8577.0,11262.0,14/4/2023,Apr-23, Lunar Crest,Yellow Cruises,Shorex
148383,1688.92,402.8571429,40.29,1245.78,74.0,1689.0,403.0,1286.0,31/3/2023,Mar-23, Meteoric Storm,Yellow Cruises,Other
148392,1871.37,585.7142857,58.57,1227.09,66.0,1871.0,586.0,1286.0,30/3/2023,Mar-23, Moonshadow,Yellow Cruises,Turnaround
148401,4080.38,1318.57,131.86,2629.95,64.0,4080.0,1319.0,2762.0,13/4/2023,Apr-23, Celestial Voyager,Yellow Cruises,Turnaround
148410,28329.93,14559.84,1455.98,12314.11,43.0,28330.0,14560.0,13770.0,8/4/2023,Apr-23, Orion's Fury,Yellow Cruises,Turnaround
148419,280.3714286,224.3,22.43,33.64,12.0,280.0,224.0,56.0,8/4/2023,Apr-23, Andromeda Star,Yellow Cruises,Other
148428,480.6428571,373.8285714,37.38,69.43,14.0,481.0,374.0,107.0,7/3/2023,Mar-23, Astral Odyssey,Yellow Cruises,Hotel
148437,270.3642857,233.6428571,23.36,13.36,5.0,270.0,234.0,37.0,7/3/2023,Mar-23, Astral Phoenix,Yellow Cruises,Hotel
148446,176.9,160.2142857,16.02,0.66,0.0,177.0,160.0,17.0,7/3/2023,Mar-23, Aurora Borealis,Yellow Cruises,Hotel
148455,480.6428571,413.8857143,41.39,25.37,5.0,481.0,414.0,67.0,25/3/2023,Mar-23, Interstellar Iris,Yellow Cruises,Hotel
148464,801.07,667.5571429,66.76,66.76,8.0,801.0,668.0,134.0,9/3/2023,Mar-23, Lunar Crest,Yellow Cruises,Other
148473,801.07,614.15,61.42,125.51,16.0,801.0,614.0,187.0,29/3/2023,Mar-23, Meteoric Storm,Yellow Cruises,Other
148482,2506.64,2269.69,226.97,9.98,0.0,2507.0,2270.0,237.0,21/3/2023,Mar-23, Moonshadow,Yellow Cruises,Hotel
148491,811.08,0.0,,811.08,100.0,811.0,,811.0,22/3/2023,Mar-23, Celestial Voyager,Yellow Cruises,Hotel
148500,811.08,0.0,,811.08,100.0,811.0,,811.0,22/3/2023,Mar-23, Orion's Fury,Yellow Cruises,Hotel
148509,270.3642857,0.0,,270.36,100.0,270.0,,270.0,22/3/2023,Mar-23, Andromeda Star,Yellow Cruises,Hotel
148518,270.3642857,0.0,,270.36,100.0,270.0,,270.0,22/3/2023,Mar-23, Astral Odyssey,Yellow Cruises,Hotel
148527,270.3642857,0.0,,270.36,100.0,270.0,,270.0,22/3/2023,Mar-23, Astral Phoenix,Yellow Cruises,Hotel
148536,270.3642857,0.0,,270.36,100.0,270.0,,270.0,22/3/2023,Mar-23, Aurora Borealis,Yellow Cruises,Hotel
148545,480.6428571,373.8285714,37.38,69.43,14.0,481.0,374.0,107.0,22/3/2023,Mar-23, Interstellar Iris,Yellow Cruises,Hotel
148554,480.6428571,373.8285714,37.38,69.43,14.0,481.0,374.0,107.0,22/3/2023,Mar-23, Lunar Crest,Yellow Cruises,Hotel
148563,240.3214286,186.9142857,18.69,34.72,14.0,240.0,187.0,53.0,22/3/2023,Mar-23, Meteoric Storm,Yellow Cruises,Hotel
148572,240.3214286,186.9142857,18.69,34.72,14.0,240.0,187.0,53.0,22/3/2023,Mar-23, Moonshadow,Yellow Cruises,Hotel
148581,240.3214286,186.9142857,18.69,34.72,14.0,240.0,187.0,53.0,22/3/2023,Mar-23, Celestial Voyager,Yellow Cruises,Hotel
148590,240.3214286,186.9142857,18.69,34.72,14.0,240.0,187.0,53.0,22/3/2023,Mar-23, Orion's Fury,Yellow Cruises,Hotel
148599,320.4285714,267.0214286,26.7,26.71,8.0,320.0,267.0,53.0,22/3/2023,Mar-23, Andromeda Star,Yellow Cruises,Hotel
148608,240.3214286,186.9142857,18.69,34.72,14.0,240.0,187.0,53.0,22/3/2023,Mar-23, Astral Odyssey,Yellow Cruises,Hotel
148617,240.3214286,186.9142857,18.69,34.72,14.0,240.0,187.0,53.0,22/3/2023,Mar-23, Astral Phoenix,Yellow Cruises,Hotel
148626,176.9,160.2142857,16.02,0.66,0.0,177.0,160.0,17.0,22/3/2023,Mar-23, Aurora Borealis,Yellow Cruises,Hotel
148635,176.9,160.2142857,16.02,0.66,0.0,177.0,160.0,17.0,22/3/2023,Mar-23, Interstellar Iris,Yellow Cruises,Hotel
148644,320.4285714,267.0214286,26.7,26.71,8.0,320.0,267.0,53.0,21/3/2023,Mar-23, Lunar Crest,Yellow Cruises,Hotel
148653,240.3214286,186.9142857,18.69,34.72,14.0,240.0,187.0,53.0,21/3/2023,Mar-23, Meteoric Storm,Yellow Cruises,Hotel
148662,240.3214286,186.9142857,18.69,34.72,14.0,240.0,187.0,53.0,21/3/2023,Mar-23, Moonshadow,Yellow Cruises,Hotel
148671,136.5214286,140.6428571,14.06,18.19,-13.0,137.0,141.0,4.0,21/4/2023,Apr-23, Celestial Voyager,Yellow Cruises,Turnaround
148680,4055.41,3704.94,370.49,20.02,0.0,4055.0,3705.0,350.0,25/3/2023,Mar-23, Orion's Fury,Yellow Cruises,Hotel
148689,8170.93,7036.05,703.61,431.27,5.0,8171.0,7036.0,1135.0,25/3/2023,Mar-23, Andromeda Star,Yellow Cruises,Hotel
148698,2253.02,1892.52,189.25,171.25,8.0,2253.0,1893.0,361.0,25/3/2023,Mar-23, Astral Odyssey,Yellow Cruises,Hotel
148707,3951.89,3578.11,357.81,15.97,0.0,3952.0,3578.0,374.0,25/3/2023,Mar-23, Astral Phoenix,Yellow Cruises,Hotel
148716,1842.43,1602.14,160.21,80.08,4.0,1842.0,1602.0,240.0,25/3/2023,Mar-23, Aurora Borealis,Yellow Cruises,Hotel
148725,1351.8,1234.98,123.5,6.68,0.0,1352.0,1235.0,117.0,8/4/2023,Apr-23, Astral Phoenix,Yellow Cruises,Hotel
148734,236.9857143,210.2785714,21.03,5.68,2.0,237.0,210.0,27.0,7/3/2023,Mar-23, Aurora Borealis,Yellow Cruises,Hotel
148743,474.9642857,0.0,,474.96,100.0,475.0,,475.0,7/3/2023,Mar-23, Interstellar Iris,Yellow Cruises,Other
148752,133.5,139.2857143,13.93,19.71,-15.0,134.0,139.0,6.0,12/4/2023,Apr-23, Lunar Crest,Yellow Cruises,Turnaround
148761,133.5,128.5714286,12.86,7.93,-6.0,134.0,129.0,5.0,17/4/2023,Apr-23, Meteoric Storm,Yellow Cruises,Turnaround
148770,166.8785714,160.7142857,16.07,9.91,-6.0,167.0,161.0,6.0,21/4/2023,Apr-23, Moonshadow,Yellow Cruises,Turnaround
148779,133.5,128.5714286,12.86,7.93,-6.0,134.0,129.0,5.0,22/4/2023,Apr-23, Celestial Voyager,Yellow Cruises,Turnaround
148788,133.5,128.5714286,12.86,7.93,-6.0,134.0,129.0,5.0,26/4/2023,Apr-23, Orion's Fury,Yellow Cruises,Turnaround
148797,133.5,128.5714286,12.86,7.93,-6.0,134.0,129.0,5.0,21/4/2023,Apr-23, Andromeda Star,Yellow Cruises,Turnaround
